Accuracy,Precision,Recall,F1
0.7683656133197418,0.7122793645714085,0.7683656133197418,0.7341422480211228
0.7426265715256541,0.6886371298094646,0.7426265715256541,0.7057682572835777
0.7114339109751954,0.658094380983208,0.7114339109751954,0.6777970542738051
