Accuracy,Precision,Recall,F1
0.7629459734964323,0.7095747968305982,0.7629459734964323,0.7289736672149472
0.7537546721032959,0.6958106556524262,0.7537546721032959,0.7190383959625556
0.716989466530751,0.6619509352911253,0.716989466530751,0.6858906941096669
