Accuracy,Precision,Recall,F1,Score
0.9791666666666666,0.982122033187736,0.9791666666666666,0.9797762859668455,3.9202316524879146
0.9791666666666666,0.9790151667086965,0.9791666666666666,0.9790701727454958,3.9164186727875254
0.953125,0.9511160823724892,0.953125,0.9509926154313829,3.808358697803872
0.8845486111111112,0.8803025800689656,0.8845486111111112,0.8755674682257628,3.524967270516951
0.7821180555555556,0.8126374669304448,0.7821180555555556,0.7511035261490178,3.1279771041905735
0.7560763888888888,0.6869494108186457,0.7560763888888888,0.7150969620304577,2.9141991506268807
