Accuracy,Precision,Recall,F1,Score
0.375,0.35625,0.375,0.36111111111111116,1.4673611111111111
0.3125,0.35625,0.3125,0.3115079365079365,1.2927579365079365
0.3125,0.24900793650793648,0.3125,0.27279411764705885,1.1468020541549953
0.3125,0.20833333333333334,0.3125,0.25,1.0833333333333335
0.3125,0.20833333333333334,0.3125,0.25,1.0833333333333335
0.25,0.18181818181818182,0.25,0.2105263157894737,0.8923444976076556
