Accuracy,Precision,Recall,F1,Score
0.4375,0.4097222222222222,0.4375,0.4227941176470588,1.7075163398692812
0.375,0.3835227272727273,0.375,0.3524436090225564,1.4859663362952837
0.3125,0.24900793650793648,0.3125,0.27279411764705885,1.1468020541549953
0.3125,0.20833333333333334,0.3125,0.25,1.0833333333333335
0.25,0.18181818181818182,0.25,0.2105263157894737,0.8923444976076556
0.25,0.18181818181818182,0.25,0.2105263157894737,0.8923444976076556
